1967,12.28,80.34,77.95,87.07,1967.00,9.86,95.68,60.90,24.91,17.64,7.78,0.15,7.02,1.37,1.32,7.22,5.54,10.47,10.57,8.03,7.83,1.42,22.11,4.27,3.36,1.53,1.07,1.32,5.80,4.63,1.07,0.10,0.25,0.31,14.74,1.12,0.05,2.03,0.20,17.39,5.44,2.29,1.88,4.12,0.97,4.17,1.98,0.56,0.66,0.66,0.92,0.31,0.51,0.05,0.05,5.90,0.92,1.47,1.63,2.80,0.20,2.90,17.23,1.88,11.49,2.14,4.73,4.98,2.90,0.51,0.56,0.25,0.10,0.05,4.22,0.00,1.07,0.41,2.39,0.00,6.76,0.00,0.00,0.00,0.00,0.00,0.00,0.00,0.00,6.25,0.00,0.51
987,9.20,32.79,82.24,88.95,987.00,14.29,96.66,59.07,21.88,13.98,9.83,0.71,0.61,1.32,1.52,7.90,4.15,11.04,10.44,10.54,8.41,3.04,19.05,5.17,3.04,2.53,0.51,2.13,6.28,4.86,1.11,0.00,0.51,0.20,11.75,0.91,1.01,1.62,0.71,15.30,2.23,1.93,1.42,4.86,1.32,4.66,3.44,0.71,2.03,0.61,1.01,0.30,0.51,0.00,0.10,6.69,2.94,1.32,1.11,1.32,0.30,4.05,13.78,0.91,12.56,2.53,4.66,5.47,1.93,1.32,0.51,0.30,0.00,0.00,6.89,0.00,0.61,3.14,3.24,0.00,8.81,0.00,0.00,0.00,0.00,0.00,0.00,0.00,0.00,6.48,0.00,2.33
3330,10.83,30.37,90.05,58.15,3330.00,9.97,95.35,59.79,24.20,16.49,11.14,0.33,3.90,0.45,0.66,7.72,4.56,10.30,10.30,8.05,7.63,2.49,20.69,2.85,1.89,1.65,0.75,2.43,4.56,3.09,1.38,0.21,0.48,0.33,9.16,0.45,0.36,0.39,0.57,16.97,5.11,1.14,1.50,5.71,0.99,4.83,1.89,0.72,0.81,0.21,1.26,0.21,0.78,0.03,0.15,5.14,1.20,1.11,1.05,1.44,0.48,3.45,15.50,1.17,9.58,1.44,4.32,3.99,1.59,0.42,0.15,0.42,0.00,0.00,8.95,0.06,0.69,0.27,7.81,0.00,5.98,0.00,0.00,0.00,0.00,0.00,0.00,0.00,0.00,5.50,0.00,0.48
1139,11.02,15.42,91.50,82.39,1139.00,12.03,95.17,55.49,21.69,14.22,10.36,0.26,2.19,0.61,0.79,7.46,3.69,9.83,10.89,7.73,6.58,4.30,20.19,3.95,1.49,1.76,2.28,1.67,7.55,5.36,2.19,0.00,0.88,1.14,8.17,0.35,1.14,0.79,0.35,16.68,4.04,1.32,1.32,4.92,1.84,5.71,3.95,0.26,3.25,0.44,2.55,1.76,0.53,0.00,0.26,5.09,1.67,1.05,1.76,1.23,0.26,4.13,14.84,0.61,11.06,1.58,5.62,3.95,0.97,0.70,0.09,0.18,0.09,0.00,9.04,0.44,1.58,1.76,6.15,0.00,16.42,0.00,0.00,0.00,0.00,0.00,0.00,0.18,0.00,6.50,0.00,9.75
1213,8.02,23.41,90.92,93.74,1213.00,13.11,95.30,59.36,22.34,13.69,8.99,0.00,3.38,0.91,0.41,8.66,4.29,9.81,11.62,8.82,7.83,3.63,19.29,4.86,3.46,1.98,1.48,2.39,7.01,5.52,1.15,0.33,0.16,0.33,8.16,0.91,0.08,0.25,1.07,16.16,2.89,1.57,1.07,5.11,1.40,6.18,1.40,0.91,0.08,0.41,0.58,0.16,0.33,0.00,0.08,6.76,1.32,1.15,1.73,2.39,0.66,3.46,15.09,0.99,12.94,1.65,6.02,5.52,5.19,1.65,0.00,0.25,0.00,0.00,4.37,0.00,0.33,1.65,2.31,0.08,8.33,0.00,0.00,0.00,0.00,0.00,0.00,0.08,0.00,5.77,0.00,2.47
752,41.06,26.60,75.46,95.93,752.00,12.77,96.01,53.19,18.22,10.90,8.38,0.40,1.33,0.40,0.40,7.31,4.12,14.10,8.24,6.91,6.25,2.26,17.82,6.12,4.39,1.73,0.53,3.46,8.91,6.78,1.99,0.27,1.20,0.13,7.71,0.00,0.27,0.13,0.53,17.29,3.06,0.93,1.46,7.58,1.73,4.79,3.32,1.20,1.06,0.80,2.39,0.66,1.73,0.00,0.00,5.32,1.20,1.06,0.80,2.53,0.40,3.99,11.97,0.66,10.77,1.06,5.05,4.79,1.46,0.66,0.00,1.06,0.00,0.00,9.31,0.27,1.20,1.06,7.98,0.00,5.98,0.00,0.00,0.00,0.00,0.00,0.00,0.00,0.00,4.12,0.00,1.86
1371,24.09,31.00,79.94,76.90,1371.00,10.65,95.33,55.43,21.08,14.66,10.65,0.88,1.46,1.53,0.15,6.42,7.00,8.68,9.63,5.91,7.73,1.68,18.75,5.62,2.84,0.88,0.44,2.04,7.37,4.96,2.19,0.51,0.66,0.73,8.24,0.36,0.66,1.60,0.80,13.13,3.65,1.09,1.17,3.06,1.75,3.21,1.82,0.58,0.58,0.58,1.09,0.22,0.88,0.00,0.00,6.86,1.90,1.31,1.53,2.48,0.22,3.36,14.00,0.51,11.23,1.75,5.84,3.72,1.82,1.39,0.15,0.22,0.00,0.00,9.04,0.00,0.51,1.46,7.15,0.00,8.10,0.00,0.00,0.00,0.00,0.00,0.00,0.07,0.00,5.18,0.00,2.84
635,33.12,17.23,85.11,99.00,635.00,12.60,93.23,53.07,18.11,12.76,10.71,0.00,0.63,0.94,0.47,5.35,5.83,10.24,8.82,6.93,5.83,2.99,17.95,6.30,2.83,1.10,1.10,2.36,10.08,8.19,1.89,0.16,0.16,1.26,8.03,0.94,0.31,1.26,0.63,10.71,2.05,0.31,0.47,2.99,1.26,4.41,2.20,0.63,0.94,0.63,1.57,0.63,0.79,0.00,0.00,4.57,1.10,1.10,0.94,1.57,0.00,5.35,10.24,0.31,11.50,2.05,4.72,5.04,2.20,2.20,0.16,0.31,0.00,0.00,8.82,0.00,2.68,2.20,6.30,0.00,9.13,0.00,0.00,0.00,0.00,0.00,0.00,0.16,0.00,3.31,0.00,5.67
640,42.99,21.73,84.27,79.79,640.00,13.59,95.31,44.38,14.53,9.84,9.06,0.31,0.47,0.00,0.00,4.38,5.31,8.91,8.12,7.34,5.16,2.03,17.03,6.09,3.75,0.78,0.62,3.75,6.41,4.69,1.72,0.62,0.16,0.78,4.84,0.47,0.31,0.00,0.00,12.81,1.88,1.72,0.47,6.41,0.94,2.34,3.91,0.62,2.03,1.09,2.03,0.78,1.25,0.00,0.00,5.47,1.25,1.88,0.78,1.72,0.62,4.84,11.88,0.16,14.22,1.72,5.94,6.56,2.34,2.19,0.31,0.31,0.00,0.00,14.38,0.00,0.16,2.34,11.88,0.00,10.31,0.00,0.00,0.00,0.00,0.00,0.00,0.31,0.00,5.00,0.00,5.00
700,27.54,26.96,82.35,99.00,700.00,12.14,93.00,54.14,18.29,10.86,8.43,0.57,1.57,0.14,0.14,7.43,5.86,10.57,12.43,5.43,6.14,3.00,19.86,4.86,2.00,1.57,1.57,3.00,8.86,7.14,1.14,0.00,0.71,0.29,6.71,0.57,0.29,0.29,0.57,13.71,1.71,1.29,1.00,5.00,1.86,3.43,3.57,0.86,2.43,0.14,1.29,0.57,0.43,0.00,0.29,5.71,1.43,1.00,1.71,1.71,0.14,5.86,11.86,0.71,14.14,2.43,6.71,5.29,0.86,2.29,0.43,0.29,0.00,0.00,5.14,0.14,0.86,1.00,4.00,0.00,11.14,0.00,0.00,0.00,0.00,0.00,0.00,0.43,0.00,6.14,0.00,4.57
689,11.72,44.23,85.26,95.26,689.00,10.60,95.21,56.17,23.37,16.11,11.18,0.29,3.92,0.58,0.15,7.26,5.22,8.27,11.18,8.85,4.93,2.32,21.04,3.19,1.31,0.73,0.73,2.32,8.71,6.53,1.89,0.58,0.15,0.87,10.45,0.73,0.15,0.73,0.29,14.66,5.08,0.87,1.31,4.21,2.18,2.61,3.19,0.87,1.31,0.44,1.02,0.00,1.02,0.00,0.00,5.81,1.16,1.45,1.74,1.89,0.29,3.48,16.98,1.02,10.30,1.45,4.21,4.64,1.45,1.16,0.00,0.15,0.00,0.29,10.30,0.00,3.19,1.16,7.69,0.00,10.16,0.00,0.00,0.00,0.00,0.00,0.00,0.00,0.00,6.39,0.00,3.77
755,6.97,6.07,94.98,63.44,755.00,12.32,96.95,60.79,24.64,16.69,14.30,0.40,0.53,0.79,0.66,7.95,5.17,9.80,14.30,7.02,5.96,4.24,22.91,5.30,2.65,3.18,0.40,1.06,10.20,6.09,4.11,1.59,1.85,0.00,6.49,1.46,0.26,1.46,1.06,12.32,3.84,1.99,0.93,1.99,0.26,4.11,2.38,0.79,0.79,0.40,2.78,0.93,0.79,0.40,0.66,4.77,0.93,0.40,1.46,2.25,0.40,5.83,15.76,0.53,10.33,1.59,4.50,4.37,0.93,1.06,0.13,0.00,0.40,0.00,6.49,0.26,2.65,3.44,2.65,0.00,9.80,0.00,0.00,0.00,0.00,0.00,0.00,0.00,0.00,7.95,0.00,1.85
918,19.66,18.88,83.76,50.14,918.00,12.20,96.08,57.52,21.79,16.67,13.51,0.33,0.76,0.65,1.42,5.12,4.47,12.09,10.35,6.54,6.75,3.59,19.72,4.36,1.96,0.76,0.76,1.42,7.41,4.25,2.94,0.33,1.09,0.76,9.48,0.76,0.54,0.87,0.22,11.98,3.49,1.09,2.51,2.40,0.65,2.29,3.81,0.76,1.53,1.53,1.74,0.44,0.54,0.00,0.44,6.86,2.18,1.31,2.29,0.98,0.76,5.45,11.98,0.76,10.78,0.98,5.12,4.79,1.85,1.09,0.76,0.44,0.11,0.11,7.52,0.00,1.31,2.51,4.90,0.00,7.08,0.00,0.00,0.00,0.00,0.00,0.00,0.00,0.00,5.45,0.00,1.63
1573,24.84,57.81,72.58,44.38,1573.00,10.17,95.36,51.94,20.98,15.26,9.15,0.45,3.75,0.76,1.14,5.72,3.75,9.35,8.84,5.28,6.74,1.27,20.79,2.73,1.21,1.14,1.40,2.16,4.96,2.92,1.91,0.06,0.38,0.64,10.30,0.70,0.45,0.19,1.34,13.29,5.91,1.59,1.21,2.61,0.57,2.10,1.40,0.32,0.70,0.38,1.21,0.32,0.32,0.00,0.57,7.57,1.84,2.16,1.21,2.03,0.76,5.21,13.41,0.95,9.41,1.53,3.31,4.64,1.78,1.46,0.06,1.40,0.19,0.00,12.27,0.00,0.76,0.45,11.32,0.00,6.36,0.00,0.00,0.00,0.00,0.00,0.00,0.00,0.00,2.80,0.00,3.56
886,33.92,43.27,89.59,75.95,886.00,11.29,93.68,52.71,18.74,13.66,9.26,0.34,2.82,0.45,0.79,5.08,6.88,9.71,8.69,8.01,5.30,2.14,19.30,4.40,2.26,2.71,1.13,1.69,6.32,4.40,1.69,0.23,1.02,0.00,8.35,0.56,0.56,0.90,0.11,11.63,3.61,0.56,1.35,3.16,1.35,1.81,1.35,0.11,0.90,0.23,1.35,0.11,1.02,0.11,0.00,7.56,1.81,2.03,1.69,2.14,0.90,4.29,13.32,1.47,15.69,3.61,6.21,7.00,2.14,2.48,0.45,0.00,0.00,0.00,7.56,0.00,0.34,2.03,5.08,0.00,8.13,0.00,0.00,0.00,0.00,0.00,0.00,0.00,0.00,4.29,0.00,3.84
1798,20.17,17.36,90.80,81.79,1798.00,12.90,94.22,57.62,20.91,14.35,11.46,0.50,1.00,0.95,0.44,6.51,5.23,11.46,11.57,8.12,6.12,2.17,20.36,4.62,2.00,0.72,1.22,2.34,6.95,5.01,1.89,0.17,0.61,0.39,7.23,0.22,0.67,0.00,1.28,14.07,3.34,0.89,1.06,3.50,1.50,4.51,2.45,0.78,1.06,0.50,2.06,0.67,0.56,0.11,0.44,7.23,2.11,1.50,1.67,2.17,0.61,5.01,13.35,0.44,11.68,1.56,6.17,4.00,2.00,0.83,0.06,0.06,0.22,0.00,4.84,0.00,0.22,0.28,4.45,0.00,7.79,0.00,0.00,0.00,0.00,0.00,0.00,0.00,0.00,6.12,0.00,1.67
511,32.62,31.24,67.23,99.00,511.00,16.05,94.13,45.40,17.22,12.13,8.41,0.20,2.15,1.17,0.20,5.09,5.09,7.44,8.41,4.11,4.70,4.89,19.96,6.07,2.15,1.57,1.37,1.57,11.15,10.18,0.98,0.20,0.39,0.39,10.76,1.17,1.17,1.37,0.20,14.68,3.33,1.96,1.17,5.68,0.59,4.70,4.31,0.59,3.13,0.59,1.96,0.59,1.17,0.00,0.20,6.46,1.96,2.15,1.57,1.37,0.00,2.94,12.92,0.39,9.59,1.76,5.87,2.35,1.57,3.33,0.20,0.00,0.00,0.20,11.55,0.00,2.35,2.94,8.02,0.00,13.11,0.00,0.00,0.00,0.00,0.00,0.00,0.20,0.00,6.65,0.00,6.26
787,21.04,53.05,74.25,84.19,787.00,12.45,95.17,51.59,17.15,12.07,8.01,0.25,2.67,0.25,0.89,5.08,3.43,10.55,10.67,7.75,7.24,2.92,19.57,6.48,3.05,1.02,2.41,3.05,8.64,5.84,2.54,0.51,0.25,1.14,12.45,0.89,0.13,0.89,0.00,11.56,1.27,1.14,0.76,4.07,1.27,3.68,1.91,0.00,0.64,1.14,1.14,0.25,0.64,0.00,0.00,8.26,2.29,2.16,1.91,2.41,0.38,3.94,15.63,0.89,12.96,2.67,4.19,6.61,2.41,1.40,0.38,0.38,0.25,0.00,7.50,0.00,0.00,0.89,6.61,0.00,8.89,0.00,0.00,0.00,0.00,0.00,0.00,0.13,0.00,6.23,0.00,2.54
2033,11.54,63.85,67.41,94.37,2033.00,11.02,95.23,58.39,22.33,14.51,7.28,1.52,2.36,1.18,2.16,7.82,4.38,9.99,10.62,7.72,8.90,2.07,20.12,4.38,1.87,1.67,0.79,1.33,9.05,6.74,2.26,0.20,0.74,0.69,13.28,0.89,0.49,1.13,0.64,13.08,2.95,1.48,1.67,1.87,1.43,4.23,2.46,0.54,1.33,0.49,2.02,0.59,0.39,0.00,0.25,9.84,4.03,0.98,1.67,3.10,0.49,4.97,13.63,1.62,12.10,2.21,5.61,4.67,2.02,1.92,0.54,0.10,0.10,0.05,5.46,0.05,0.54,0.98,3.79,0.10,8.56,0.00,0.00,0.00,0.00,0.00,0.00,0.00,0.00,5.36,0.00,3.20
483,50.60,20.38,79.20,29.22,483.00,15.73,96.69,48.03,15.73,10.14,8.07,0.21,1.24,0.00,0.62,5.59,5.18,11.80,9.32,4.55,4.35,3.31,21.12,3.73,1.04,0.83,0.62,2.28,8.07,4.14,3.93,0.41,0.00,3.52,4.35,0.00,0.00,0.00,0.00,15.11,4.14,1.45,0.83,6.21,1.45,2.69,3.11,0.41,1.86,0.83,2.07,1.04,0.83,0.00,0.00,5.59,0.41,2.28,1.04,1.66,0.41,1.86,18.22,1.04,11.80,2.48,6.00,3.52,6.00,2.07,0.00,0.62,0.00,0.00,16.56,0.00,2.69,1.45,14.70,0.00,14.70,0.00,0.00,0.00,0.00,0.00,0.00,0.00,0.00,5.80,0.00,8.90
1352,24.96,24.10,89.12,98.39,1352.00,13.61,94.16,54.59,19.75,13.17,10.50,0.30,1.85,0.00,0.52,6.58,5.40,10.06,11.69,6.36,5.99,1.63,21.75,5.18,2.44,1.85,0.59,2.22,8.21,6.66,1.04,0.07,0.37,0.37,6.07,0.22,0.37,0.00,0.07,15.98,4.36,2.14,1.92,4.73,1.48,3.11,4.22,1.11,1.48,1.33,0.89,0.15,0.59,0.00,0.15,5.84,1.26,2.00,1.33,2.74,0.22,5.47,13.76,0.74,12.35,2.29,5.62,4.81,1.04,1.55,0.15,0.37,0.30,0.00,7.62,0.00,0.30,0.74,6.43,0.00,8.73,0.00,0.00,0.00,0.00,0.00,0.00,0.15,0.00,4.44,0.00,4.14
986,20.47,13.89,77.11,94.85,986.00,13.29,94.62,53.04,18.05,13.49,11.26,0.20,0.91,0.61,0.51,4.56,4.87,9.94,10.24,8.22,7.51,2.84,19.98,4.16,1.93,0.91,1.52,2.23,8.32,6.39,1.83,0.71,0.71,0.00,5.78,0.51,0.61,0.61,0.41,11.46,2.64,1.22,1.22,3.14,0.91,3.45,5.68,0.91,2.54,1.12,2.03,0.51,1.32,0.00,0.00,6.90,2.03,1.42,1.12,2.23,0.51,3.85,14.81,0.30,9.94,1.22,4.46,4.67,1.52,1.93,0.20,0.81,0.20,0.00,9.63,0.20,0.20,0.81,8.62,0.00,12.07,0.00,0.00,0.00,0.00,0.00,0.00,0.20,0.00,5.98,0.00,5.88
847,21.55,13.61,96.02,95.07,847.00,11.81,94.81,58.44,21.37,15.70,14.17,0.59,0.47,0.35,0.12,5.67,4.84,12.28,11.69,6.97,6.38,2.24,21.13,5.79,3.54,1.42,0.94,1.42,7.67,6.14,1.53,0.12,0.35,0.83,9.09,1.18,0.12,1.42,0.24,17.00,2.83,1.53,2.60,4.01,2.01,4.72,2.72,0.47,1.06,1.18,0.83,0.35,0.59,0.00,0.12,6.73,1.65,2.01,2.36,1.18,0.35,3.42,15.23,1.18,12.75,2.13,4.96,5.79,2.13,1.06,0.00,0.47,0.00,0.00,4.49,0.00,0.83,0.83,2.72,0.00,5.79,0.00,0.00,0.00,0.00,0.00,0.00,0.00,0.00,4.60,0.00,1.18
1012,34.48,23.54,81.07,85.98,1012.00,14.53,94.57,54.35,17.59,11.96,10.08,0.10,0.30,1.09,0.40,5.63,5.93,12.15,9.68,7.91,7.41,1.58,16.90,4.94,2.87,0.99,0.69,0.99,8.20,5.53,2.08,0.79,0.49,0.59,7.31,0.49,0.30,1.48,0.10,12.15,1.88,1.98,1.38,4.25,1.48,3.26,2.27,0.69,1.28,0.30,1.28,0.40,0.59,0.00,0.10,7.51,1.38,2.67,1.19,2.67,0.40,4.25,11.07,1.68,13.54,1.28,4.94,7.41,1.09,0.69,0.00,0.10,0.00,0.00,10.18,0.00,0.40,0.99,9.09,0.00,6.42,0.00,0.00,0.00,0.00,0.00,0.00,0.00,0.00,5.04,0.00,1.38
591,12.59,20.83,93.20,88.70,591.00,8.63,96.79,57.87,20.47,12.69,8.80,0.34,2.88,0.34,0.34,7.78,4.74,9.48,10.15,9.31,6.26,4.57,21.32,4.40,2.88,1.35,1.52,1.18,7.11,5.41,1.69,0.68,0.34,0.17,7.95,0.85,0.00,0.51,0.51,16.07,3.38,1.69,1.02,2.71,1.52,5.92,2.88,1.02,1.02,0.85,1.35,0.17,0.51,0.00,0.51,5.58,1.35,1.35,1.02,2.03,0.34,5.41,15.91,1.02,13.20,3.05,5.25,5.58,0.85,0.85,0.51,0.51,1.18,0.00,7.28,0.00,1.86,2.20,4.23,0.00,8.80,0.00,0.00,0.00,0.00,0.00,0.00,0.00,0.00,5.92,0.00,2.88
1261,17.42,22.80,92.35,96.75,1261.00,13.48,96.03,56.30,22.28,17.61,12.29,0.48,3.09,1.27,0.48,4.68,4.52,10.55,9.67,6.58,6.82,3.33,20.78,6.34,4.12,0.95,1.11,2.54,10.15,7.53,2.54,0.24,0.79,0.79,9.60,0.87,0.08,1.27,0.71,18.00,5.55,0.95,1.98,4.52,1.43,5.00,4.36,0.32,3.25,0.71,1.35,0.32,0.71,0.00,0.00,6.58,1.43,1.19,1.98,1.82,0.71,3.73,16.02,1.59,9.99,1.67,4.04,4.60,1.98,0.08,0.32,0.16,0.08,0.00,5.63,0.00,1.51,1.59,2.38,0.00,12.21,0.00,0.00,0.00,0.00,0.00,0.00,0.24,0.00,5.39,0.00,6.58
722,6.65,34.38,86.80,62.54,722.00,11.08,97.51,60.39,24.10,15.65,11.50,0.28,3.19,0.14,0.55,8.45,6.09,6.79,13.99,7.34,4.57,4.43,24.24,3.88,1.66,3.19,0.69,2.77,6.37,4.16,2.22,0.28,0.55,0.83,12.33,1.11,0.28,0.00,0.97,18.70,6.37,1.80,1.25,6.51,0.97,3.88,2.63,0.00,1.39,1.11,1.25,0.42,0.28,0.00,0.28,5.54,1.80,0.69,1.66,1.80,0.14,5.54,16.34,0.83,7.34,0.42,2.63,4.29,1.11,1.25,0.28,0.00,0.00,0.00,7.89,0.00,1.80,1.25,5.68,0.00,9.83,0.00,0.00,0.00,0.00,0.00,0.00,0.00,0.00,6.23,0.00,3.60
1956,13.58,29.73,77.65,53.65,1956.00,10.89,96.52,60.28,22.44,13.70,9.25,0.31,2.76,0.20,1.18,8.74,3.99,11.61,12.63,7.11,6.80,2.51,22.24,3.78,2.25,1.74,0.92,2.56,6.03,3.63,2.15,0.10,0.66,1.02,8.33,0.05,0.05,0.56,0.10,15.24,3.12,1.94,2.15,3.68,0.92,4.96,1.48,0.77,0.56,0.15,1.23,0.36,0.82,0.00,0.00,8.03,0.87,2.10,2.71,2.86,0.36,3.53,16.56,1.18,10.58,1.38,5.73,3.78,1.99,0.26,0.00,0.00,0.10,0.00,8.69,0.00,0.61,1.79,6.24,0.00,9.97,0.00,0.00,0.00,0.00,0.00,0.00,0.26,0.00,6.13,0.00,3.58
1444,15.05,16.96,81.22,97.18,1444.00,10.11,96.26,54.22,21.61,15.03,12.26,0.21,1.66,0.42,0.48,6.58,3.81,9.76,10.46,8.17,5.47,2.84,21.40,4.50,4.22,0.90,0.35,2.77,11.43,8.17,3.05,0.55,0.76,0.62,8.10,0.69,0.00,0.90,0.00,17.31,3.53,1.04,1.94,4.92,2.01,4.43,2.35,0.28,1.18,0.69,1.52,0.62,0.48,0.00,0.14,7.27,2.22,1.39,1.45,2.08,1.11,2.98,16.90,0.55,8.45,1.39,3.46,3.74,0.90,1.73,0.28,0.21,0.00,0.00,10.04,0.00,0.28,2.70,6.86,0.00,9.42,0.00,0.00,0.00,0.00,0.00,0.00,0.07,0.00,6.37,0.00,2.98
442,9.71,11.54,78.78,96.67,442.00,12.22,95.25,54.07,19.00,10.18,7.69,0.45,1.13,0.00,0.90,8.82,4.98,9.05,11.54,9.95,5.66,6.56,22.62,7.47,1.81,0.45,1.58,2.49,8.14,6.56,1.58,0.90,0.23,0.23,4.98,0.45,0.45,0.23,0.00,16.52,4.30,0.90,0.23,6.33,0.68,4.30,2.26,0.45,0.68,0.90,0.90,0.45,0.45,0.00,0.00,8.37,1.58,1.81,1.36,3.85,0.23,3.62,18.10,0.45,9.73,1.81,3.39,4.75,2.04,0.45,0.00,0.23,0.00,0.00,7.47,0.00,1.58,2.04,4.30,0.00,12.44,0.00,0.00,0.00,0.00,0.00,0.00,0.45,0.00,11.09,0.00,0.90
963,14.68,44.64,79.58,99.00,963.00,12.25,95.74,56.91,21.50,16.10,10.90,1.87,0.83,1.45,1.04,5.40,5.30,9.66,11.42,7.37,6.13,3.74,20.87,5.09,1.45,1.14,1.25,1.66,9.14,7.58,1.45,0.10,0.42,0.42,13.40,1.45,0.62,2.08,0.73,10.49,2.49,0.93,0.62,3.01,1.35,2.70,2.70,0.62,0.62,1.45,2.39,0.52,0.93,0.00,0.10,8.10,4.47,0.52,0.83,2.70,0.21,4.26,15.68,1.04,11.94,3.22,5.40,3.84,1.77,1.35,0.52,0.31,0.10,0.00,6.02,0.10,0.83,1.35,4.15,0.00,9.87,0.00,0.00,0.00,0.00,0.00,0.00,0.21,0.00,7.58,0.00,2.08
1442,18.18,25.49,82.00,90.17,1442.00,15.26,97.02,57.56,20.11,13.45,9.78,0.49,1.04,0.90,1.25,6.66,3.74,11.37,10.61,6.59,7.98,3.05,19.97,5.55,2.84,1.32,0.62,2.57,6.24,5.06,1.18,0.14,0.55,0.28,8.67,0.90,0.42,1.32,0.00,15.67,3.61,1.46,1.18,5.20,1.46,3.95,3.61,0.69,1.46,1.11,1.80,0.69,1.04,0.00,0.07,7.14,2.08,1.80,2.36,1.39,0.28,4.44,13.38,1.18,11.23,2.22,4.23,5.27,2.22,1.11,0.35,0.00,0.07,0.00,8.32,0.00,0.76,1.32,6.59,0.00,6.59,0.00,0.00,0.00,0.00,0.00,0.00,0.00,0.00,3.81,0.00,2.77
1171,31.52,22.88,79.97,93.65,1171.00,12.98,95.64,53.03,16.74,10.93,9.31,0.26,0.60,0.09,0.68,5.81,5.21,11.78,9.31,9.22,7.09,1.88,16.74,3.93,3.42,1.45,1.11,2.22,6.92,5.47,1.11,0.17,0.00,0.26,5.72,0.43,0.43,0.17,0.09,13.49,3.76,1.02,0.68,5.72,0.60,2.82,4.78,0.51,2.48,1.71,2.48,1.02,1.28,0.00,0.09,5.04,1.37,0.94,0.94,1.79,0.51,3.67,11.10,0.60,10.93,0.94,4.61,5.47,1.79,0.77,0.26,0.17,0.09,0.09,11.19,0.00,0.68,1.37,9.22,0.00,9.91,0.00,0.00,0.00,0.00,0.00,0.00,0.09,0.00,4.53,0.00,5.29
1670,18.26,13.14,89.43,84.06,1670.00,12.81,95.57,62.34,18.80,12.28,10.72,0.24,0.72,0.42,0.18,6.53,5.33,12.75,11.68,10.24,8.38,2.16,19.52,4.19,4.19,1.14,0.36,2.51,7.01,5.09,1.80,0.30,0.66,0.54,5.45,0.18,0.18,0.48,0.06,15.63,2.16,1.50,1.50,4.91,2.10,4.67,3.11,0.84,1.32,0.84,1.32,0.42,0.60,0.00,0.06,5.45,1.08,1.02,1.56,1.80,0.30,5.27,12.57,0.84,12.87,2.34,5.99,4.67,1.74,1.14,0.18,0.12,0.12,0.00,4.79,0.06,0.48,0.72,3.41,0.00,7.01,0.00,0.00,0.00,0.00,0.00,0.00,0.12,0.00,4.97,0.00,1.92
1244,23.82,12.52,90.47,86.84,1244.00,13.50,95.58,57.56,17.93,11.82,10.37,0.32,0.40,0.32,0.40,6.11,4.98,12.22,9.65,10.05,7.48,2.57,18.09,3.38,2.49,1.37,1.21,2.89,6.75,5.14,1.61,0.56,0.16,0.64,5.23,0.48,0.32,0.08,0.56,13.26,2.49,0.88,0.80,4.42,1.13,4.50,2.17,0.72,0.88,0.48,2.49,0.40,1.61,0.00,0.48,6.67,1.85,1.85,1.21,1.69,0.72,3.70,12.30,0.80,12.62,1.37,5.63,5.95,1.21,1.21,0.40,0.32,0.08,0.00,9.32,0.00,0.72,0.88,8.04,0.00,8.60,0.00,0.00,0.00,0.00,0.00,0.00,0.00,0.00,5.47,0.00,3.14
1022,35.67,29.51,82.95,41.70,1022.00,14.97,92.47,56.16,19.08,13.31,9.39,0.49,1.76,0.88,0.78,5.77,6.46,11.74,9.78,6.75,5.77,2.45,18.88,2.74,2.35,1.17,2.94,2.25,3.42,2.15,1.27,0.10,0.29,0.78,7.93,0.78,0.29,0.98,0.20,13.60,3.33,1.17,1.17,4.31,0.88,3.72,2.25,0.98,0.59,0.59,1.17,0.68,0.29,0.00,0.20,5.19,1.96,0.88,1.17,1.37,0.20,6.85,10.86,0.88,12.33,1.96,5.19,5.09,3.13,1.37,0.20,1.37,0.49,0.20,5.38,0.00,0.59,0.59,4.21,0.00,6.56,0.00,0.00,0.00,0.00,0.00,0.00,0.00,0.00,4.89,0.00,1.66
1628,20.81,27.98,79.40,47.34,1628.00,13.21,94.23,58.48,18.92,11.18,7.80,1.60,0.80,0.31,0.68,7.68,5.22,11.43,10.81,7.62,8.48,2.70,18.86,3.99,2.27,1.29,0.61,3.32,5.96,3.56,2.40,0.43,0.31,0.80,6.45,0.68,0.12,0.18,0.61,13.14,2.76,0.74,1.23,4.85,0.74,4.18,2.40,1.41,0.61,0.12,0.86,0.25,0.61,0.00,0.00,6.57,2.76,0.86,1.54,1.35,0.49,5.22,11.92,1.04,12.71,1.97,6.76,4.30,2.40,1.04,0.61,0.49,0.06,0.06,8.35,0.00,0.86,1.17,6.57,0.00,9.09,0.00,0.00,0.00,0.00,0.00,0.00,0.06,0.00,4.42,0.00,4.61
405,21.89,9.13,91.88,99.00,405.00,10.37,96.79,48.40,18.02,12.59,11.36,0.99,0.00,0.25,0.00,5.43,2.96,8.64,9.63,7.90,2.47,4.94,21.48,6.67,1.48,1.48,1.23,1.48,8.15,7.16,0.99,0.00,0.25,0.49,4.69,0.74,0.74,0.49,0.49,11.60,1.73,1.73,0.99,3.95,0.99,2.72,7.65,1.48,5.19,0.99,2.72,1.48,0.99,0.00,0.25,5.43,1.98,0.74,0.99,1.48,0.25,4.69,17.53,0.74,14.81,3.46,6.42,5.93,1.48,3.21,1.23,0.00,0.00,0.00,8.40,0.00,0.99,1.73,6.17,0.00,15.56,0.00,0.00,0.00,0.00,0.00,0.00,0.00,0.00,6.67,0.00,8.89
662,54.60,39.27,75.16,84.42,662.00,16.01,91.54,45.77,13.90,8.46,5.89,0.15,1.81,0.30,0.30,5.44,5.59,11.03,9.06,4.23,4.23,4.08,17.37,6.50,3.17,1.21,1.06,1.96,8.46,5.89,2.57,0.30,0.76,0.76,9.67,0.76,0.60,0.45,0.60,13.44,3.93,1.06,0.91,4.38,0.45,4.23,1.51,0.45,1.06,0.00,1.51,0.30,1.21,0.00,0.00,7.70,1.51,1.81,1.81,2.42,1.06,5.59,10.27,0.30,12.24,1.81,7.10,3.78,3.47,1.96,0.76,1.36,0.15,0.00,8.31,0.15,1.81,1.06,5.74,0.00,8.31,0.00,0.00,0.00,0.00,0.00,0.00,0.00,0.00,5.44,0.00,2.87
615,18.27,4.11,94.74,94.79,615.00,11.87,94.96,61.95,22.76,15.93,14.47,0.33,0.16,0.65,0.33,6.83,6.34,13.01,12.36,7.48,6.83,3.09,19.02,5.04,4.39,2.11,0.00,1.95,6.50,5.53,0.98,0.16,0.33,0.16,5.85,0.49,0.49,0.81,0.16,13.33,1.79,0.65,1.30,3.74,0.65,6.18,4.88,1.30,1.95,1.46,1.63,0.81,0.49,0.00,0.16,8.29,1.79,2.93,1.30,2.60,0.33,2.76,14.63,1.14,10.24,0.81,4.72,4.72,2.93,1.63,0.49,0.81,0.16,0.00,2.60,0.00,0.49,0.81,1.14,0.00,9.27,0.00,0.00,0.00,0.00,0.00,0.00,0.00,0.00,6.83,0.00,2.44
787,17.57,14.58,79.98,79.15,787.00,13.34,93.27,55.40,21.73,15.37,13.34,0.25,0.89,0.25,0.64,6.35,5.34,10.29,14.10,5.97,4.19,3.18,22.49,6.10,2.80,0.89,1.40,2.80,7.37,5.08,2.16,0.25,0.89,0.38,7.37,0.76,0.38,0.00,0.89,11.94,2.03,2.54,0.89,3.30,1.52,2.54,1.91,0.13,0.76,1.02,1.40,0.00,1.14,0.00,0.00,7.88,1.65,2.41,2.29,2.80,0.25,3.18,18.17,0.38,9.28,1.27,4.57,3.56,2.54,1.65,0.38,0.38,0.00,0.25,4.45,0.00,0.38,0.38,3.81,0.00,9.02,0.00,0.00,0.00,0.00,0.00,0.00,0.51,0.00,7.62,0.00,0.89
2179,21.44,22.03,83.70,53.37,2179.00,11.15,95.69,60.49,20.88,13.95,10.19,0.41,1.74,1.28,0.32,6.93,6.06,11.89,10.92,6.88,8.40,2.43,17.81,5.69,2.94,1.84,0.55,2.57,5.14,3.21,1.74,0.41,0.41,0.37,6.93,0.69,0.09,1.28,0.46,12.90,2.66,1.33,1.51,3.07,1.38,4.18,1.51,0.41,0.32,0.73,2.25,0.73,1.38,0.05,0.18,5.83,1.56,1.15,1.97,1.19,0.46,4.77,12.25,0.64,12.67,1.56,6.47,4.64,2.25,0.78,0.37,0.96,0.05,0.09,7.02,0.00,0.55,0.32,6.06,0.00,5.23,0.00,0.00,0.00,0.00,0.00,0.00,0.14,0.00,3.58,0.00,1.51
4114,19.53,26.77,94.06,84.50,4114.00,13.54,94.29,59.75,19.79,13.00,9.43,0.83,1.90,0.32,0.53,6.78,5.76,11.38,10.11,8.29,9.82,1.65,19.15,6.03,3.94,1.68,1.19,3.33,4.98,4.11,0.78,0.19,0.39,0.02,8.43,0.83,0.29,0.46,0.41,16.29,3.43,1.31,1.14,4.52,1.31,6.20,1.90,0.49,0.61,0.70,1.39,0.32,0.73,0.00,0.29,5.98,2.14,1.00,1.63,1.41,0.17,6.39,11.57,0.90,12.76,2.48,5.83,4.79,2.26,1.65,0.63,0.68,0.02,0.05,3.28,0.07,0.17,0.17,2.87,0.00,4.98,0.00,0.00,0.00,0.00,0.00,0.00,0.00,0.00,4.55,0.00,0.44
2553,12.82,29.56,84.25,85.41,2553.00,12.46,94.99,58.17,21.39,14.96,11.28,0.78,1.45,0.94,0.51,6.42,4.23,10.81,11.48,8.46,7.76,2.35,20.92,4.27,2.78,2.04,1.25,1.76,7.68,5.48,2.08,0.43,0.39,0.98,9.87,0.71,0.27,0.31,1.10,14.34,3.45,1.33,1.72,3.41,1.25,3.84,3.49,0.27,2.51,0.71,0.94,0.35,0.31,0.00,0.00,4.94,2.12,1.06,1.33,0.98,0.20,5.33,12.69,1.14,11.12,2.31,4.43,4.54,2.66,1.33,0.43,0.35,0.04,0.04,8.07,0.00,1.45,1.25,6.03,0.00,11.36,0.00,0.00,0.00,0.00,0.00,0.00,0.00,0.00,5.91,0.00,5.44
3523,11.80,47.73,87.50,70.14,3523.00,8.03,96.22,60.54,25.92,18.22,10.64,0.23,6.36,0.57,0.43,7.69,4.74,10.39,10.13,6.59,6.44,3.15,22.96,2.98,4.48,0.82,0.62,2.10,6.05,4.17,1.82,0.45,0.23,0.62,10.47,0.48,0.34,0.71,0.28,19.98,8.57,1.02,1.93,4.80,1.22,3.80,2.41,0.28,0.62,1.39,1.19,0.37,0.48,0.00,0.31,4.57,1.08,0.88,0.85,1.76,0.40,1.85,19.42,1.28,7.38,0.94,3.01,3.49,1.90,0.71,0.20,0.45,0.06,0.06,6.76,0.03,1.42,0.26,4.63,0.00,9.05,0.00,0.00,0.00,0.00,0.00,0.00,0.03,0.00,5.73,0.00,3.29
2232,6.34,54.63,95.14,99.00,2232.00,10.04,97.00,59.86,26.25,18.64,11.02,0.09,7.21,0.04,0.27,7.62,3.90,9.01,11.20,7.93,7.08,2.33,25.13,5.29,4.03,1.03,0.27,0.94,7.93,7.35,0.54,0.22,0.09,0.09,11.60,0.72,0.04,0.22,0.18,20.30,8.15,1.16,1.66,5.02,1.34,4.35,2.55,0.27,1.61,0.67,1.57,0.45,0.58,0.04,0.04,6.18,1.43,2.28,1.57,2.24,0.13,1.88,20.70,1.21,9.14,1.97,4.03,3.41,0.85,0.90,0.22,0.04,0.00,0.09,6.09,0.04,0.76,2.24,3.45,0.00,9.99,0.00,0.00,0.00,0.00,0.00,0.00,0.00,0.00,7.17,0.00,2.82
3090,16.55,19.66,95.26,72.43,3090.00,10.87,95.11,58.58,23.79,15.86,12.07,0.65,2.72,0.03,0.39,7.90,4.24,11.39,10.39,7.02,6.08,2.46,21.46,4.50,2.88,1.00,1.20,2.20,6.70,4.56,2.07,0.23,0.39,0.84,6.76,0.29,0.23,0.03,0.00,16.83,5.11,1.00,1.68,5.28,1.36,4.05,2.14,0.39,0.97,0.58,1.23,0.45,0.55,0.00,0.23,5.40,1.39,1.33,1.00,1.59,0.32,5.05,13.40,1.17,11.52,1.94,5.18,4.56,1.39,1.04,0.26,0.16,0.06,0.06,7.22,0.10,0.94,0.49,5.79,0.00,8.58,0.00,0.00,0.00,0.00,0.00,0.00,0.13,0.00,4.72,0.00,3.72
824,37.39,28.02,87.95,96.67,824.00,11.17,95.27,54.25,17.35,13.35,9.71,1.58,1.21,0.73,0.12,4.00,4.98,12.38,9.95,7.28,5.10,2.67,19.05,5.58,2.43,1.46,1.33,2.43,8.74,6.80,1.82,0.24,0.12,0.73,7.16,1.21,0.36,1.58,0.36,12.01,2.31,1.70,1.33,3.28,0.85,3.40,2.18,0.85,0.49,0.73,1.70,0.36,0.73,0.00,0.12,7.89,2.79,1.21,1.33,2.55,0.97,4.98,11.77,0.49,14.68,3.28,6.19,5.34,1.58,0.85,0.00,0.24,0.00,0.00,12.50,0.00,2.06,1.09,10.92,0.00,8.25,0.00,0.00,0.00,0.00,0.00,0.00,0.12,0.00,4.49,0.00,3.64
2171,8.67,34.59,72.81,64.20,2171.00,12.21,95.99,59.83,23.03,15.98,11.24,0.46,1.15,2.12,1.01,7.05,4.15,10.50,12.53,7.83,8.38,2.44,23.58,3.59,2.90,1.66,0.41,2.67,7.74,4.84,2.81,0.32,0.46,1.34,11.65,2.16,0.09,1.47,2.49,13.08,3.18,1.29,1.38,2.76,1.34,3.50,4.05,0.28,2.53,1.06,1.11,0.51,0.55,0.05,0.00,7.14,1.89,1.75,1.66,2.12,0.51,3.82,16.72,1.01,10.23,1.98,4.61,3.82,1.93,0.83,0.55,0.28,0.05,0.00,4.74,0.05,0.92,1.01,2.90,0.09,12.30,0.00,0.00,0.00,0.00,0.00,0.00,0.14,0.00,6.82,0.00,5.34
2402,24.54,27.87,78.88,80.77,2402.00,11.99,96.25,59.95,20.02,12.57,8.87,0.75,1.75,0.87,0.33,7.45,4.54,13.53,10.24,8.49,7.49,1.96,19.07,4.29,6.04,1.37,0.58,2.16,6.62,4.83,1.79,0.29,0.29,0.87,6.29,0.21,0.12,0.21,0.83,13.66,3.66,1.42,1.25,3.66,0.83,3.79,3.41,0.54,1.46,0.67,1.79,0.92,0.42,0.12,0.17,5.37,1.54,0.92,1.08,1.87,0.29,5.45,11.95,0.71,11.62,1.67,5.70,4.70,2.08,1.04,0.33,0.37,0.04,0.00,6.29,0.04,0.79,0.96,4.79,0.00,11.28,0.00,0.00,0.00,0.00,0.00,0.00,0.04,0.00,4.08,0.00,7.16
540,26.14,24.07,90.56,96.05,540.00,12.78,95.37,57.22,20.00,14.44,10.56,0.19,1.85,1.85,0.00,5.56,4.07,12.59,10.74,6.85,5.19,3.33,20.37,5.00,2.78,0.93,0.56,2.59,7.04,5.93,1.11,0.37,0.74,0.00,8.52,1.30,0.19,1.48,1.30,15.19,4.44,1.30,1.11,3.52,1.85,3.70,2.96,0.56,0.93,1.30,2.59,0.74,0.93,0.19,0.93,7.22,1.67,0.74,1.67,3.52,0.00,6.30,12.41,0.74,13.15,3.15,4.81,5.56,0.56,1.48,0.00,1.48,0.37,0.19,3.33,0.00,1.30,1.11,0.74,0.19,11.30,0.00,0.00,0.00,0.00,0.00,0.00,0.19,0.00,6.30,0.00,4.81
1723,10.49,19.37,94.47,63.18,1723.00,13.23,95.07,57.92,21.18,14.10,11.09,0.17,2.15,0.29,0.41,7.08,4.93,9.52,12.54,7.95,8.13,2.73,21.65,4.24,2.03,1.86,0.87,2.55,6.33,4.06,2.09,0.46,0.52,0.58,7.31,0.52,0.46,0.41,0.23,15.32,2.38,2.21,1.04,5.22,1.39,4.41,1.92,0.41,0.75,0.64,2.84,0.58,1.39,0.00,0.70,5.51,1.57,0.93,0.99,1.68,0.64,5.34,14.97,1.45,14.05,2.15,5.28,7.02,1.10,1.10,0.41,0.41,0.12,0.35,6.67,0.06,0.93,0.64,5.22,0.06,9.40,0.00,0.00,0.00,0.00,0.00,0.00,0.00,0.00,6.44,0.00,2.96
2527,8.76,63.17,90.67,87.10,2527.00,10.37,95.45,57.97,24.18,16.22,8.82,0.47,6.09,0.75,0.08,7.91,3.52,9.85,10.57,10.13,6.37,1.62,22.83,4.83,3.64,0.71,1.23,2.30,6.25,4.79,1.23,0.36,0.20,0.32,11.16,0.16,0.40,0.04,0.95,20.62,7.28,1.35,1.78,5.90,1.19,3.92,2.81,0.55,1.35,0.67,2.22,1.58,0.40,0.04,0.16,4.83,1.42,1.27,1.19,1.62,0.20,3.76,17.61,1.19,11.44,1.42,5.22,5.46,1.11,0.95,0.12,0.12,0.04,0.00,4.99,0.00,1.39,1.07,2.69,0.00,9.93,0.00,0.00,0.00,0.00,0.00,0.00,0.04,0.00,5.66,0.00,4.23
3939,26.55,19.20,84.90,50.40,3939.00,10.48,93.02,59.79,20.01,12.06,9.42,0.08,1.32,0.58,0.66,7.95,5.53,13.68,11.30,6.88,8.02,2.28,19.14,4.42,6.58,1.73,0.99,2.13,4.87,3.00,1.68,0.33,0.69,0.36,6.37,0.43,0.18,0.38,0.46,15.36,3.55,1.75,1.40,3.81,1.62,4.70,1.80,0.46,0.91,0.43,1.27,0.23,0.58,0.05,0.28,4.11,1.09,1.12,1.19,1.02,0.36,5.51,11.45,0.79,11.50,2.03,5.10,4.67,0.79,1.65,0.18,0.18,0.08,0.05,6.12,0.08,0.84,0.79,4.67,0.00,10.41,0.00,0.00,0.00,0.00,0.00,0.00,0.18,0.00,6.02,0.00,4.21
2107,24.44,26.87,77.74,93.72,2107.00,15.57,93.07,54.01,18.60,11.20,7.74,0.38,2.37,0.52,0.19,7.31,5.08,9.97,10.01,7.40,6.55,2.66,19.70,5.79,3.42,0.85,0.52,1.95,6.79,5.51,1.14,0.19,0.33,0.24,7.31,0.66,0.28,0.52,0.62,17.28,4.56,1.38,1.38,4.75,1.09,5.79,3.65,0.66,1.71,1.04,1.61,0.33,0.66,0.00,0.24,4.84,1.80,0.81,0.90,1.47,0.28,3.89,13.57,0.66,9.40,2.42,3.99,3.08,1.23,2.56,0.19,0.28,0.00,0.05,7.64,0.05,0.81,1.99,5.41,0.00,8.07,0.00,0.00,0.00,0.00,0.00,0.00,0.00,0.00,4.98,0.00,3.08
167,1.57,1.63,88.30,99.00,167.00,12.57,95.21,50.90,13.77,11.38,8.38,0.00,2.40,0.00,0.60,2.40,1.20,4.79,14.37,8.38,0.60,19.76,25.15,2.40,1.20,0.60,0.60,4.79,8.38,7.19,1.20,0.00,0.00,0.00,7.78,0.00,0.00,0.00,0.00,22.16,10.18,0.60,0.00,4.19,3.59,3.59,0.60,0.00,0.00,0.00,1.20,1.20,0.00,0.00,0.00,4.19,0.00,0.60,0.60,1.80,1.20,2.40,21.56,0.00,5.99,0.60,2.40,3.59,0.60,2.99,0.00,0.60,0.00,0.00,9.58,0.00,2.40,1.80,7.78,0.00,13.17,0.00,0.00,0.00,0.00,0.00,0.00,0.00,0.00,10.78,0.00,2.40
2117,10.12,40.86,84.22,97.39,2117.00,13.46,94.19,56.87,20.31,13.84,8.83,0.66,3.21,0.47,0.66,6.47,4.68,10.06,11.67,9.73,8.74,2.65,21.59,5.95,2.93,0.76,1.23,2.60,6.66,5.90,0.71,0.19,0.19,0.19,9.64,0.66,0.24,0.52,0.43,15.49,4.35,0.99,1.28,4.58,1.18,4.30,4.30,0.76,2.79,0.76,1.79,0.33,0.94,0.00,0.38,5.38,1.70,0.57,1.13,1.84,0.28,2.55,17.86,0.85,11.29,1.65,5.38,4.35,1.37,1.18,0.80,0.47,0.05,0.09,6.28,0.05,1.79,1.13,4.35,0.05,12.28,0.00,0.00,0.00,0.00,0.00,0.00,0.09,0.00,7.84,0.00,4.35
601,38.40,28.58,63.87,95.33,601.00,11.31,93.01,49.58,14.81,11.31,7.99,0.33,1.16,1.00,0.83,3.49,5.32,10.65,11.15,5.66,5.16,3.83,19.63,6.49,2.83,0.83,0.67,2.00,8.32,6.49,1.83,0.00,0.33,0.67,6.99,0.00,0.67,0.00,1.50,9.65,1.50,0.67,1.50,3.99,0.50,2.33,4.33,1.33,1.16,0.33,1.66,0.33,0.83,0.00,0.50,6.16,1.00,1.16,2.33,1.66,0.17,4.99,13.31,1.50,13.81,2.16,7.32,4.33,1.00,2.33,1.33,2.00,0.17,0.00,10.48,0.00,0.67,1.66,8.15,0.17,12.65,0.00,0.00,0.00,0.00,0.00,0.00,0.00,0.00,5.32,0.00,7.32
694,20.59,8.56,90.36,84.31,694.00,12.39,96.69,56.92,19.74,12.97,11.10,0.14,0.72,0.14,0.86,6.77,4.76,11.67,10.66,7.06,6.48,4.47,19.02,5.04,3.46,1.15,0.29,1.44,8.36,5.76,2.45,0.29,0.58,0.58,6.92,1.30,0.58,0.43,0.43,17.72,3.46,1.59,1.15,6.63,1.01,5.91,2.59,0.86,0.72,1.01,0.43,0.29,0.14,0.00,0.00,5.91,1.73,1.87,1.01,1.15,0.43,2.59,14.84,0.72,9.65,0.72,4.47,4.61,1.15,1.15,0.29,0.14,0.00,0.14,9.51,0.00,1.01,0.86,8.21,0.00,8.65,0.00,0.00,0.00,0.00,0.00,0.00,0.00,0.00,6.34,0.00,2.31
725,10.67,14.09,72.30,72.28,725.00,9.79,96.69,61.10,25.24,15.72,13.93,0.97,0.00,0.83,0.00,9.52,3.59,12.41,15.17,5.24,5.10,3.17,24.97,3.86,2.90,2.07,0.00,1.93,6.34,4.41,1.93,0.41,0.69,0.41,8.41,0.83,0.41,1.38,0.41,14.48,1.93,0.69,3.72,5.38,0.28,3.03,2.76,0.28,1.52,0.69,1.10,0.14,0.83,0.00,0.14,7.72,2.90,1.79,1.10,1.79,0.55,4.41,17.52,1.52,10.21,2.76,4.28,3.45,2.21,0.55,0.41,0.41,0.14,0.00,8.55,0.00,0.69,0.83,6.62,0.00,10.34,0.00,0.00,0.00,0.00,0.00,0.00,0.00,0.00,6.90,0.00,3.45
1714,7.85,21.54,86.00,63.38,1714.00,11.09,95.74,59.63,24.97,17.62,12.72,0.58,1.93,2.04,0.35,7.35,4.26,9.33,12.02,6.13,7.35,3.44,20.13,2.57,1.58,1.52,1.98,1.75,6.42,4.14,2.16,0.06,0.53,1.05,11.26,2.51,0.53,2.57,1.52,13.54,2.98,0.82,2.16,3.33,1.17,5.25,3.15,0.06,0.58,0.70,1.34,0.53,0.53,0.06,0.12,5.60,2.39,0.70,1.23,1.23,0.41,8.34,9.86,0.58,10.74,1.28,4.26,5.43,0.82,0.99,0.18,0.06,0.12,0.00,8.40,0.23,0.41,0.64,7.29,0.00,12.89,0.00,0.00,0.00,0.00,0.00,0.00,0.06,0.00,6.24,0.00,6.59
1199,47.33,24.17,66.28,50.69,1199.00,14.43,93.74,51.54,16.93,10.51,8.42,0.33,1.08,0.08,0.58,6.42,5.25,11.68,7.59,5.42,7.01,1.42,16.76,4.09,1.83,1.50,0.92,2.67,6.76,4.00,2.67,0.58,0.25,1.58,5.09,0.33,0.25,0.08,0.25,15.26,3.09,1.75,2.09,3.75,1.58,3.67,2.42,0.50,1.17,0.50,4.84,0.50,2.17,0.00,2.25,6.01,1.17,1.25,1.92,1.83,0.58,4.09,10.68,0.92,10.51,1.50,4.92,4.17,1.42,0.75,0.08,0.75,0.00,0.00,10.34,0.00,0.33,0.58,9.59,0.08,7.59,0.00,0.00,0.00,0.00,0.00,0.00,0.08,0.00,2.75,0.00,4.75
1193,14.26,12.20,91.32,89.16,1193.00,13.50,96.14,59.51,22.30,14.42,11.90,0.25,0.84,1.01,0.42,7.88,5.28,10.56,12.32,6.96,7.04,2.68,21.46,4.69,2.85,2.10,0.59,2.10,7.46,5.53,1.76,0.34,0.17,0.50,6.45,0.59,0.75,1.01,0.17,14.08,2.60,1.09,2.35,2.93,1.09,4.53,2.77,0.42,1.17,1.09,1.59,0.34,1.09,0.00,0.17,5.20,2.26,0.67,1.01,1.34,0.17,6.12,12.66,1.26,13.50,2.51,6.71,4.78,1.01,1.17,1.51,0.67,0.00,0.00,6.96,0.08,0.59,1.17,5.28,0.17,8.89,0.00,0.00,0.00,0.00,0.00,0.00,0.00,0.00,5.70,0.00,3.19
1143,26.04,11.55,76.69,88.24,1143.00,14.26,95.54,56.17,18.72,12.07,10.76,0.44,0.00,0.87,0.00,6.56,6.12,10.59,11.20,6.91,6.74,2.62,19.77,5.42,3.67,0.09,0.96,3.94,7.70,5.69,2.01,0.61,0.09,0.70,4.64,0.17,0.26,0.26,0.79,16.27,3.59,1.84,2.36,3.67,2.36,3.67,3.50,0.70,1.57,1.22,2.19,0.17,1.31,0.00,0.17,6.74,1.57,2.62,1.22,2.36,0.35,7.26,9.54,0.44,10.59,1.57,4.72,4.37,0.96,0.70,0.00,0.52,0.09,0.09,8.40,0.00,0.17,0.87,7.44,0.00,7.00,0.00,0.00,0.00,0.00,0.00,0.00,0.00,0.00,4.20,0.00,2.80
2391,25.36,16.38,90.23,87.46,2391.00,12.59,94.81,56.55,19.53,13.84,11.04,0.46,1.55,0.46,0.33,5.69,5.44,11.79,11.13,8.41,6.02,1.92,19.82,4.39,2.76,1.00,0.63,2.93,7.99,5.73,2.13,0.33,0.29,0.50,5.86,0.13,0.42,0.08,0.46,17.77,3.89,1.21,1.76,6.40,0.79,4.68,2.68,0.29,1.63,0.67,1.51,0.33,1.00,0.00,0.17,5.60,1.17,1.21,1.00,2.09,0.84,3.97,13.93,1.21,11.38,1.80,6.90,3.47,2.13,0.75,0.13,0.84,0.00,0.00,8.62,0.00,1.97,0.92,5.90,0.00,9.37,0.00,0.00,0.00,0.00,0.00,0.00,0.00,0.00,5.27,0.00,4.10
876,42.42,45.46,63.43,91.10,876.00,13.81,94.98,49.32,13.93,8.90,6.16,0.23,0.91,1.14,0.46,5.02,5.94,10.05,7.53,9.36,6.85,1.48,16.67,5.71,2.97,1.37,0.91,4.68,6.28,5.14,1.14,0.11,0.23,0.00,7.88,1.26,0.80,0.57,1.14,10.39,1.71,0.68,0.23,5.25,0.23,2.40,1.83,1.03,0.57,0.11,1.26,0.34,0.68,0.00,0.23,7.19,3.08,0.91,1.71,1.26,0.57,5.71,9.59,0.80,14.16,3.54,5.59,5.37,2.05,1.60,0.46,1.03,0.23,0.00,15.41,0.11,1.37,0.68,14.61,0.00,4.68,0.00,0.00,0.00,0.00,0.00,0.00,0.00,0.00,3.31,0.00,1.37
1470,17.58,21.30,84.71,78.19,1470.00,12.38,95.17,59.18,19.73,13.27,10.20,0.82,0.75,0.95,0.54,6.46,4.35,11.09,11.02,7.14,8.78,2.31,20.61,5.51,2.93,1.09,0.88,2.31,8.16,5.51,2.65,0.54,0.61,0.61,7.35,0.07,0.68,0.41,0.82,13.54,2.59,0.75,1.56,3.81,1.29,4.35,3.81,1.02,1.70,1.02,2.93,0.61,1.63,0.00,0.41,7.28,2.38,1.36,2.11,1.97,0.54,7.41,11.16,0.88,12.52,2.11,5.51,5.10,1.29,1.43,0.27,0.34,0.00,0.20,3.13,0.00,0.27,0.61,2.11,0.00,7.41,0.00,0.00,0.00,0.00,0.00,0.00,0.00,0.00,3.67,0.00,3.74
1201,10.62,28.01,84.71,85.48,1201.00,11.16,95.25,57.20,20.40,15.32,11.41,2.33,0.58,0.50,0.50,5.08,4.00,9.74,10.16,8.33,9.66,3.16,17.57,3.91,3.16,1.33,1.67,2.66,6.83,5.08,1.67,0.00,0.50,0.83,10.07,2.75,0.42,1.42,1.00,13.41,1.83,1.25,1.83,3.00,2.33,4.25,2.58,0.58,1.67,0.33,1.83,0.50,1.17,0.00,0.17,9.66,5.16,1.75,1.08,1.67,0.42,5.25,11.82,0.92,11.99,1.00,4.91,6.16,2.75,2.08,1.08,0.50,0.17,0.08,5.75,0.00,0.67,1.08,3.83,0.00,8.99,0.00,0.00,0.00,0.00,0.00,0.00,0.25,0.00,5.41,0.00,3.33
1448,8.05,16.51,93.25,98.09,1448.00,13.81,94.82,57.46,21.34,13.88,10.15,0.69,2.35,0.35,0.35,7.46,4.83,8.49,12.36,7.94,7.94,3.87,21.13,6.01,3.52,1.10,0.97,3.11,9.60,7.46,2.00,0.21,0.62,0.35,7.46,0.48,0.90,0.35,0.28,19.41,4.14,1.45,1.73,5.87,1.45,6.22,2.90,0.55,1.52,0.83,1.17,0.21,0.41,0.14,0.28,7.25,2.28,1.38,1.04,2.90,0.55,5.25,14.71,0.90,11.53,1.80,5.39,4.63,1.17,0.97,0.28,0.14,0.00,0.00,4.83,0.00,1.38,0.90,2.83,0.00,12.71,0.00,0.00,0.00,0.00,0.00,0.00,0.00,0.00,7.32,0.00,5.39
1648,22.26,21.15,93.76,88.49,1648.00,11.47,96.66,57.71,19.90,15.53,11.77,1.09,0.55,1.52,0.61,4.37,4.55,11.59,9.77,7.65,8.19,1.82,20.21,4.85,3.03,0.49,1.46,1.52,7.34,5.40,1.70,0.55,0.67,0.18,8.68,0.67,0.67,1.58,0.67,14.38,3.28,1.40,2.18,2.43,0.79,4.73,2.73,0.24,1.27,1.15,1.33,0.36,0.42,0.00,0.12,8.50,3.58,1.82,1.40,2.25,0.24,6.43,10.38,1.52,14.14,2.85,5.46,6.37,1.33,2.06,0.55,0.12,0.18,0.12,6.49,0.00,0.49,0.61,5.28,0.00,6.07,0.00,0.00,0.00,0.00,0.00,0.00,0.00,0.00,3.82,0.00,2.25
1008,31.67,17.30,84.08,75.48,1008.00,19.05,91.57,54.46,19.25,13.69,11.31,0.20,0.20,0.89,1.09,5.56,6.45,9.82,9.33,4.66,7.84,2.38,17.96,4.56,2.48,1.19,0.50,1.49,5.95,4.27,1.59,0.50,0.20,0.50,7.54,0.20,0.40,0.40,0.99,13.39,3.47,1.69,2.18,3.27,0.69,3.67,2.78,0.40,0.99,1.39,0.60,0.10,0.50,0.00,0.00,6.55,1.69,1.69,1.69,2.28,0.40,5.06,10.91,0.79,11.61,1.98,5.75,4.07,3.67,1.59,0.30,0.99,0.10,0.20,5.36,0.00,0.69,0.79,4.46,0.00,6.85,0.00,0.00,0.00,0.00,0.00,0.00,0.00,0.00,4.56,0.00,2.28
1737,19.98,19.72,85.93,53.94,1737.00,11.17,95.62,57.86,19.23,13.41,10.59,0.69,0.63,0.75,0.75,5.81,5.41,11.11,11.57,7.20,8.29,2.53,21.01,3.80,2.13,1.15,1.44,1.78,6.97,4.03,2.53,0.35,0.75,0.75,7.02,0.23,0.17,0.63,0.29,12.49,3.05,0.92,1.61,3.86,0.63,3.68,2.88,0.75,0.81,1.32,1.32,0.29,0.81,0.00,0.00,5.99,1.78,1.09,1.27,1.78,0.35,7.25,11.17,0.92,12.49,2.30,6.22,4.66,1.90,1.44,0.23,0.46,0.06,0.17,9.79,0.06,1.21,0.58,8.58,0.00,8.58,0.00,0.00,0.00,0.00,0.00,0.00,0.17,0.00,4.72,0.00,3.68
1191,22.70,26.16,67.22,89.22,595.50,14.86,95.30,54.83,20.74,14.11,10.58,0.00,2.02,1.51,0.00,6.63,5.29,10.33,9.66,6.97,6.47,2.77,18.64,6.47,3.36,1.60,0.59,2.43,7.64,5.54,1.76,0.25,0.67,0.67,8.56,0.76,0.34,2.43,0.08,15.87,3.61,1.93,2.10,3.69,1.76,3.44,2.69,0.42,0.92,0.92,2.27,0.59,1.34,0.08,0.08,6.55,1.51,1.18,2.18,2.35,0.59,5.37,10.83,0.67,9.66,1.76,3.86,4.20,1.34,1.09,0.42,0.42,0.00,0.00,8.73,0.17,0.92,2.18,6.21,0.00,7.30,0.08,0.00,0.00,0.00,0.00,0.00,0.00,0.00,5.37,0.00,1.85
1059,10.14,5.34,92.07,98.13,1059.00,13.60,96.69,56.66,22.38,15.01,12.84,0.28,0.19,0.47,1.23,7.37,4.15,9.54,10.48,7.65,6.89,4.63,21.72,4.91,4.53,1.32,0.38,1.51,9.63,7.55,2.08,0.19,0.76,0.57,6.04,0.28,0.66,0.66,0.00,16.81,3.68,1.42,1.51,5.48,0.57,5.19,4.44,0.28,3.02,1.04,0.76,0.47,0.19,0.00,0.09,5.67,1.23,1.13,0.94,1.89,0.66,4.91,15.01,1.04,9.73,1.79,4.34,3.97,2.17,1.04,0.09,0.09,0.00,0.00,8.31,0.00,0.76,2.08,5.85,0.00,13.60,0.00,0.00,0.00,0.00,0.00,0.00,0.00,0.00,6.80,0.00,6.80
981,5.73,45.93,83.36,90.08,981.00,11.11,96.64,57.70,23.14,16.62,9.89,1.12,3.36,1.63,0.61,6.42,2.75,8.87,10.09,10.30,7.14,3.57,21.81,3.98,2.45,1.73,0.20,1.83,8.66,6.22,2.34,0.41,0.61,0.61,12.44,1.43,0.61,1.02,1.53,17.64,3.57,1.83,1.94,5.20,2.34,4.38,3.87,0.61,2.75,0.51,2.55,1.33,1.02,0.00,0.10,7.95,3.47,0.92,1.73,1.73,0.51,4.49,15.29,1.53,12.54,3.36,5.10,4.18,1.83,1.83,1.22,1.83,0.20,0.10,5.50,0.10,1.33,1.12,3.06,0.00,16.41,0.00,0.00,0.00,0.00,0.00,0.00,0.00,0.00,7.95,0.00,8.46
1198,18.81,35.35,79.57,34.46,1198.00,15.19,92.07,51.42,19.37,12.94,9.02,0.33,2.34,0.92,0.33,6.43,4.34,8.76,10.35,6.51,7.10,2.67,19.70,5.43,2.42,1.75,1.17,2.09,7.85,4.09,3.59,0.33,0.58,1.67,8.60,0.92,0.67,0.50,1.09,12.69,3.42,1.42,1.42,3.59,1.59,3.34,2.34,0.33,1.42,0.50,1.67,0.58,0.92,0.00,0.17,6.59,2.00,0.75,0.92,2.50,0.75,5.51,12.85,1.09,12.52,1.75,4.59,6.51,1.50,1.25,0.33,0.08,0.00,0.17,8.26,0.00,2.09,1.17,6.51,0.00,14.02,0.00,0.00,0.00,0.00,0.00,0.00,0.25,0.00,5.09,0.00,8.68
1446,7.29,25.10,87.86,83.53,1446.00,11.69,95.02,55.12,22.61,15.70,11.34,0.83,1.73,1.31,0.48,6.92,3.87,7.47,11.55,8.37,6.22,3.46,23.31,5.19,2.70,1.94,0.90,2.42,7.40,5.33,2.07,0.21,0.55,0.90,9.68,0.41,0.62,1.31,0.62,17.15,5.95,1.31,1.80,3.87,1.18,4.15,3.80,0.76,1.87,1.04,1.24,0.28,0.41,0.00,0.07,6.36,2.90,1.04,1.45,1.38,0.35,5.12,15.70,0.97,9.68,1.11,3.25,5.60,0.76,0.76,0.28,0.14,0.00,0.07,8.02,0.00,0.83,0.55,7.12,0.00,10.86,0.00,0.00,0.00,0.00,0.00,0.00,0.00,0.00,6.22,0.00,4.63
924,35.35,23.09,69.94,91.17,924.00,16.77,93.83,55.63,14.61,10.28,8.01,0.32,0.76,0.87,0.32,4.33,5.19,12.45,9.42,11.04,6.06,2.27,17.53,7.25,4.11,1.52,0.32,2.71,8.01,5.95,1.95,0.65,0.32,0.11,5.74,1.19,0.32,1.62,0.22,15.80,1.84,1.19,1.95,7.03,1.73,3.79,1.62,0.43,0.43,0.54,2.06,0.54,0.32,0.11,0.87,7.90,1.95,2.06,1.95,1.84,0.65,5.63,9.31,0.76,13.31,2.60,5.95,5.30,1.84,2.27,0.22,1.08,0.00,0.00,4.98,0.11,0.87,0.54,3.79,0.00,4.44,0.00,0.00,0.00,0.00,0.00,0.00,0.00,0.00,3.14,0.00,1.30
2587,16.51,20.30,90.84,67.42,2587.00,12.25,95.86,61.04,22.11,15.85,12.25,0.23,1.08,1.55,0.73,6.26,4.48,12.33,10.09,6.76,9.55,2.44,19.79,3.13,1.97,1.51,1.58,1.47,5.10,3.59,1.39,0.43,0.50,0.15,8.27,1.01,0.12,1.01,1.43,12.87,2.63,2.59,1.89,2.78,1.62,3.21,3.25,1.43,0.97,0.70,1.66,0.77,0.70,0.00,0.27,6.61,1.04,1.51,2.47,1.86,0.43,4.99,13.22,1.24,14.34,2.24,7.07,5.30,2.16,0.93,0.27,0.19,0.15,0.04,3.87,0.00,0.50,0.50,2.86,0.00,6.69,0.00,0.00,0.00,0.00,0.00,0.00,0.08,0.00,4.83,0.00,1.78
1221,37.45,26.69,65.70,99.00,1221.00,14.41,92.96,50.78,16.46,11.22,8.85,0.74,0.98,0.08,0.57,5.24,5.24,10.07,8.03,6.39,7.37,2.05,14.99,3.85,2.05,1.56,0.98,2.13,8.60,7.45,1.06,0.49,0.08,0.08,6.06,0.66,0.16,0.25,0.16,11.38,2.21,0.49,1.56,4.18,1.23,3.11,3.03,0.66,1.97,0.25,2.13,0.08,0.41,0.16,1.47,7.04,1.97,0.98,1.88,2.21,0.25,4.26,8.11,0.49,10.89,1.56,5.16,4.34,3.19,2.87,0.82,0.66,0.08,0.00,11.06,0.00,1.31,1.56,9.09,0.00,8.76,0.00,0.00,0.00,0.00,0.00,0.00,0.08,0.00,2.87,0.00,5.81
950,38.38,29.19,81.22,19.49,475.00,16.00,93.79,55.26,19.68,12.84,9.68,0.00,0.95,0.32,1.89,6.63,5.26,13.16,9.47,5.37,5.58,2.95,17.89,5.58,2.00,1.05,1.26,1.26,9.16,4.32,4.74,1.05,1.58,0.74,10.21,1.68,0.00,0.42,0.84,13.26,2.63,1.05,2.32,4.63,0.95,3.79,4.95,0.95,0.53,2.00,2.32,0.53,0.95,0.00,0.63,6.53,1.05,0.84,2.84,1.05,0.74,4.84,11.16,1.16,12.84,2.53,6.84,3.89,1.47,0.74,0.53,0.11,0.21,0.11,3.79,0.21,0.21,1.05,2.00,0.00,8.74,0.11,0.00,0.00,0.00,0.00,0.00,0.00,0.00,4.63,0.00,4.00
520,49.78,16.81,58.61,19.99,520.00,10.58,94.81,41.54,10.96,6.15,5.00,0.58,0.19,0.00,0.38,4.62,5.77,7.88,8.08,7.50,2.50,5.19,18.27,4.81,1.54,0.77,1.15,3.65,6.92,3.27,3.65,0.38,0.19,2.50,4.04,0.00,0.19,0.00,0.00,12.50,2.12,0.96,0.77,3.85,0.96,4.23,4.62,0.96,2.50,0.58,1.35,1.15,0.19,0.19,0.00,4.04,0.77,0.19,0.77,2.69,0.00,5.00,13.27,0.58,11.73,1.73,5.58,5.19,2.69,2.50,0.19,0.77,0.19,0.00,19.23,0.00,3.08,2.12,16.15,0.00,14.62,0.00,0.00,0.00,0.00,0.00,0.00,0.38,0.00,5.77,0.00,8.46
2789,14.43,14.18,93.86,65.18,2789.00,11.76,94.77,58.95,20.62,14.81,12.51,0.39,0.36,1.04,0.50,5.81,5.16,10.11,10.97,7.57,9.86,1.61,19.54,3.55,1.79,1.61,1.15,1.97,5.27,3.66,1.58,0.43,0.25,0.61,6.63,0.93,0.36,0.93,0.65,11.98,2.40,1.11,1.33,3.12,1.04,3.98,2.01,0.25,0.97,0.57,1.51,0.36,0.57,0.22,0.29,7.17,2.04,1.47,1.47,2.01,0.39,5.41,11.08,1.51,13.73,2.44,5.81,5.70,1.83,1.18,0.97,0.11,0.11,0.07,6.88,0.00,0.18,0.57,6.10,0.00,7.35,0.00,0.00,0.00,0.00,0.00,0.00,0.00,0.00,5.20,0.00,2.15
1012,10.65,10.31,70.94,85.98,1012.00,13.44,94.76,60.97,22.13,14.92,12.35,0.10,0.10,2.17,0.20,7.21,3.95,11.36,12.15,6.03,9.39,3.56,21.74,4.94,1.48,1.28,0.99,0.69,8.89,6.13,2.67,0.89,0.49,0.30,6.62,0.30,0.69,2.27,0.30,15.22,3.46,1.58,2.96,3.46,1.78,3.56,4.25,1.09,1.19,1.78,1.78,0.59,0.99,0.00,0.20,7.11,1.09,2.67,1.58,2.77,0.49,4.84,13.04,0.99,10.08,1.38,5.34,3.46,1.78,1.68,0.00,0.69,0.30,0.40,3.66,0.00,0.49,0.59,2.37,0.00,6.62,0.00,0.00,0.00,0.00,0.00,0.00,0.20,0.00,4.55,0.00,1.88
1742,15.66,32.52,77.85,93.34,1742.00,14.52,97.01,56.72,20.72,12.80,9.47,0.17,2.07,0.86,0.23,7.92,4.76,9.30,11.02,7.46,8.04,1.44,18.14,4.71,2.41,0.92,1.32,2.30,7.29,5.68,1.38,0.23,0.52,0.40,8.44,0.98,0.23,0.23,1.32,14.41,2.87,2.12,1.32,3.10,1.49,4.31,2.18,0.29,0.69,0.92,1.44,0.63,0.40,0.06,0.17,6.49,1.44,1.38,2.47,1.72,0.11,4.59,12.28,0.69,11.14,2.12,4.36,4.88,1.61,0.92,0.06,0.00,0.57,0.00,9.99,0.00,0.69,0.69,8.78,0.00,5.45,0.00,0.00,0.00,0.00,0.00,0.00,0.23,0.00,4.31,0.00,0.92
1373,20.77,14.38,89.57,48.76,1373.00,14.13,93.52,58.34,19.37,12.67,10.20,0.51,0.95,0.66,0.36,6.70,5.97,11.73,12.67,6.34,7.87,3.35,19.81,4.15,2.69,1.02,1.46,1.24,6.77,3.86,2.62,0.44,0.44,1.09,5.75,1.17,0.29,0.95,0.66,12.67,3.06,1.24,1.02,3.64,0.87,4.08,2.11,0.29,1.09,0.58,0.58,0.07,0.29,0.07,0.15,6.85,1.53,1.68,2.18,1.60,0.66,6.41,12.31,0.73,12.89,1.60,5.75,5.54,2.40,1.31,0.44,0.29,0.00,0.15,7.28,0.22,1.60,1.09,5.46,0.00,10.20,0.00,0.00,0.00,0.00,0.00,0.00,0.00,0.00,6.41,0.00,3.79
2505,3.42,25.24,91.04,63.62,2505.00,10.70,95.81,60.80,26.55,18.96,12.93,1.32,2.67,1.44,0.60,7.58,3.83,7.74,12.97,5.67,9.06,3.39,23.91,4.27,2.79,1.08,0.76,1.76,6.31,4.15,2.16,0.24,0.28,1.24,10.50,0.96,0.16,1.48,0.96,15.65,4.19,1.12,2.32,3.51,1.48,4.83,3.95,0.56,1.60,0.84,1.88,0.40,1.20,0.00,0.24,6.31,2.28,1.28,1.52,1.56,0.52,4.51,15.85,1.36,10.86,2.16,3.87,5.19,0.84,0.40,0.08,0.08,0.00,0.04,7.62,0.00,0.52,0.40,6.71,0.08,13.09,0.00,0.00,0.00,0.00,0.00,0.00,0.00,0.00,7.27,0.00,5.83
3066,6.56,20.65,82.81,80.23,3066.00,12.10,94.46,65.00,24.66,16.57,11.90,0.49,1.53,1.73,0.91,8.02,4.11,11.48,12.13,8.15,9.59,2.71,20.55,4.14,2.41,1.76,0.59,1.60,5.15,4.04,1.04,0.20,0.23,0.23,9.65,1.37,0.20,1.11,1.70,16.93,3.85,1.63,2.51,4.17,1.63,5.25,2.80,0.59,1.21,0.85,1.30,0.29,0.36,0.00,0.42,5.41,1.89,1.24,1.14,1.47,0.20,4.73,13.60,1.50,9.92,1.60,4.92,3.52,0.91,0.82,0.52,0.39,0.16,0.03,3.39,0.00,1.24,0.36,1.70,0.00,7.08,0.00,0.00,0.00,0.00,0.00,0.00,0.10,0.00,5.06,0.00,1.92
673,49.14,47.03,58.49,95.78,673.00,17.09,90.94,46.06,13.52,8.62,6.24,0.45,1.04,0.45,0.45,4.90,5.20,10.10,10.55,6.54,2.82,2.67,16.64,6.09,2.97,0.45,0.45,3.71,9.36,6.98,2.23,0.30,0.59,0.30,9.66,1.34,0.45,0.74,0.59,12.93,2.97,0.45,1.78,3.71,1.49,2.97,1.93,0.15,0.74,0.89,1.19,0.30,0.45,0.00,0.15,7.43,2.97,0.74,1.78,1.49,0.74,3.57,11.00,0.59,12.33,1.93,5.50,5.20,1.19,1.19,0.30,0.15,0.00,0.00,8.62,0.00,1.49,0.59,7.58,0.00,6.84,0.00,0.00,0.00,0.00,0.00,0.00,0.59,0.00,4.16,0.00,2.08
1072,19.84,14.38,86.14,95.79,1072.00,15.95,97.01,58.40,19.87,12.13,10.35,0.19,0.75,0.37,0.47,7.74,5.04,11.38,10.63,9.61,6.44,2.24,19.87,5.60,2.80,1.40,1.03,1.87,6.44,5.60,0.84,0.09,0.28,0.19,5.88,0.28,0.09,0.56,0.00,17.35,4.38,2.05,1.49,2.80,2.52,4.85,2.71,0.47,1.03,0.47,1.68,0.00,0.75,0.00,0.47,4.94,1.31,1.49,0.93,1.03,0.19,3.26,15.30,0.47,9.79,2.43,3.08,4.48,2.33,0.75,0.19,0.28,0.56,0.09,6.34,0.00,0.75,0.84,5.60,0.00,6.06,0.00,0.00,0.00,0.00,0.00,0.00,0.00,0.00,4.20,0.00,1.87
1641,24.49,31.96,71.32,88.06,1641.00,12.61,94.33,57.34,19.13,12.31,9.20,0.49,1.40,0.61,0.61,6.83,5.12,10.79,9.93,8.41,6.52,2.07,19.74,4.88,1.89,1.40,0.61,2.19,7.68,5.61,1.95,0.18,0.49,0.85,8.41,1.22,0.67,0.55,0.49,15.66,2.62,1.65,2.38,4.39,1.95,3.66,3.05,0.43,0.98,1.52,1.34,0.55,0.55,0.00,0.00,7.80,2.86,1.28,2.01,1.65,0.43,4.94,11.70,1.22,11.88,2.74,5.97,3.47,1.16,1.22,0.73,0.00,0.43,0.00,6.28,0.06,1.71,0.98,4.39,0.00,7.07,0.00,0.00,0.00,0.00,0.00,0.00,0.61,0.00,3.78,0.00,2.68
1373,37.25,25.60,68.92,88.62,1373.00,13.98,92.21,53.61,17.63,10.63,7.72,0.44,0.73,1.53,0.22,6.99,6.41,11.36,9.83,6.77,6.77,1.82,17.26,6.55,3.06,1.17,1.09,4.66,8.08,5.83,2.11,0.29,0.29,0.87,6.05,0.36,0.73,0.80,1.24,14.93,2.55,1.97,1.38,3.57,2.40,4.22,3.28,0.66,1.38,1.02,2.26,0.66,1.09,0.07,0.36,6.26,1.97,1.02,1.82,1.75,0.22,4.30,11.29,1.17,12.38,1.46,5.90,5.17,0.95,0.66,0.15,0.22,0.07,0.00,6.34,0.00,0.51,0.44,5.46,0.00,9.61,0.00,0.00,0.00,0.00,0.00,0.00,0.00,0.00,4.52,0.00,5.10
1213,19.78,3.71,99.00,47.08,1213.00,11.87,95.38,57.13,20.69,16.98,15.09,0.41,0.00,1.40,0.08,3.71,4.95,11.54,12.20,5.77,7.42,2.80,20.28,6.92,2.80,1.15,0.99,2.56,6.27,3.63,2.47,0.49,0.91,1.07,5.44,0.91,0.49,1.40,0.91,14.26,2.23,1.24,2.39,3.96,0.66,5.77,1.48,0.58,0.41,0.49,2.14,0.82,1.24,0.00,0.16,6.02,1.65,1.73,1.65,1.48,0.49,6.60,10.88,1.24,16.16,2.64,6.76,7.17,1.57,1.73,0.16,0.25,0.16,0.00,5.52,0.08,0.25,0.99,4.20,0.00,9.15,0.00,0.00,0.00,0.00,0.00,0.00,0.25,0.00,6.10,0.00,2.80
916,23.13,7.95,95.21,72.75,916.00,10.48,95.20,58.19,20.96,15.28,13.54,0.76,0.11,0.55,0.33,5.68,5.57,10.92,11.14,6.00,6.22,2.95,18.23,4.26,1.97,0.98,1.20,0.98,5.79,4.15,1.64,0.44,0.44,0.55,4.59,0.44,0.44,0.00,0.87,9.93,1.53,1.53,1.20,2.07,1.09,3.06,2.40,0.98,0.87,0.44,2.18,0.55,1.42,0.00,0.44,6.88,1.97,1.31,1.42,2.62,0.44,8.30,10.15,0.33,14.63,2.51,6.66,5.68,2.84,1.09,1.20,1.09,0.00,0.00,7.64,0.00,0.98,1.31,6.00,0.00,7.10,0.00,0.00,0.00,0.00,0.00,0.00,0.00,0.00,3.93,0.00,3.17
2029,19.52,39.49,70.60,81.66,2029.00,11.53,95.02,57.86,20.21,12.57,8.87,0.25,3.01,0.44,0.00,7.64,4.68,11.78,11.09,7.44,9.36,0.89,20.16,3.99,6.41,2.22,0.79,1.92,7.34,5.17,2.07,0.30,0.44,0.89,7.44,0.54,0.15,0.20,0.79,17.20,4.93,2.12,3.45,3.84,0.94,3.50,3.25,0.84,0.69,1.33,1.63,0.39,0.54,0.05,0.69,5.32,1.18,0.84,1.82,1.68,0.44,3.50,13.55,1.13,10.84,1.38,5.37,4.34,1.18,0.84,0.05,0.25,0.25,0.00,7.79,0.10,1.03,3.30,3.89,0.00,6.01,0.00,0.00,0.00,0.00,0.00,0.00,0.00,0.00,4.14,0.00,1.87
1879,30.68,30.47,87.27,88.72,1879.00,12.93,94.15,55.88,16.39,10.96,7.93,1.22,0.53,0.27,1.01,5.38,5.48,11.71,9.74,9.05,7.66,1.92,18.20,5.38,2.82,1.12,0.80,2.93,6.33,4.90,1.17,0.32,0.27,0.43,6.92,0.16,0.85,0.21,0.43,14.37,3.19,1.54,1.60,3.94,1.17,3.94,2.39,1.49,0.21,0.53,1.60,0.21,0.90,0.00,0.05,8.30,2.77,1.92,1.92,2.24,0.00,4.58,11.44,1.17,14.64,2.61,6.92,5.38,3.46,1.12,0.27,0.90,0.00,0.00,5.59,0.00,1.22,0.80,3.57,0.00,8.14,0.00,0.00,0.00,0.00,0.00,0.00,0.05,0.00,6.01,0.00,2.08
1484,23.40,34.04,71.42,56.31,1484.00,14.96,93.40,56.13,20.75,14.76,10.11,0.34,1.01,2.56,0.74,6.00,5.26,10.31,10.58,5.46,7.48,1.95,18.06,3.23,1.62,1.35,1.15,1.42,4.65,3.10,1.48,0.20,0.34,0.34,10.04,1.08,0.13,0.13,3.37,11.86,2.63,1.55,2.22,2.16,0.74,3.37,1.75,0.27,0.88,0.40,2.16,0.61,1.28,0.00,0.13,4.51,1.48,0.67,1.01,1.01,0.54,3.91,11.25,0.94,13.07,2.36,5.32,5.46,1.28,1.42,0.27,0.13,0.13,0.34,8.83,0.07,1.21,0.67,7.21,0.00,5.59,0.00,0.00,0.00,0.00,0.00,0.00,0.20,0.00,3.77,0.00,1.62
337,37.59,10.65,95.45,95.74,337.00,10.68,96.44,53.71,17.80,13.06,12.46,0.00,0.00,0.00,0.59,4.75,5.64,11.57,7.42,9.20,3.86,3.86,17.80,4.45,1.19,1.19,0.59,2.67,8.31,6.53,1.78,0.30,0.30,0.00,7.42,1.19,0.30,0.30,0.00,15.43,2.67,1.48,0.89,5.34,1.78,3.56,4.15,0.89,2.37,0.89,0.30,0.00,0.30,0.00,0.00,6.82,1.48,0.89,1.48,2.67,0.59,2.67,13.65,0.89,13.35,2.37,4.75,6.53,1.78,3.56,0.89,0.00,0.00,0.00,7.42,0.00,2.67,0.89,5.34,0.00,7.72,0.00,0.00,0.00,0.00,0.00,0.00,0.00,0.00,5.04,0.00,2.67
1748,18.69,23.90,90.72,72.85,1748.00,9.27,96.00,59.04,21.51,15.33,11.21,0.92,1.37,1.14,0.69,6.18,4.12,12.07,9.55,6.92,8.81,2.35,20.59,5.03,4.58,1.20,1.54,1.72,5.72,4.12,1.60,0.23,0.46,0.63,8.58,0.57,0.17,1.26,0.46,13.79,2.75,1.03,1.77,3.60,0.92,4.41,3.32,0.69,1.32,1.14,1.54,0.97,0.34,0.06,0.23,6.64,2.06,1.37,1.49,1.83,0.17,8.81,9.61,1.26,13.50,2.35,5.55,6.12,1.09,1.09,0.23,0.11,0.00,0.06,7.55,0.00,0.80,1.32,5.72,0.00,6.75,0.00,0.00,0.00,0.00,0.00,0.00,0.06,0.00,4.00,0.00,2.69
720,55.75,32.35,90.56,84.54,720.00,12.64,96.11,50.28,15.14,11.81,9.31,0.69,0.97,0.56,0.28,3.33,6.94,11.81,7.22,6.53,6.39,1.94,16.39,6.11,3.06,0.56,1.53,2.22,6.39,4.86,1.53,0.42,0.28,0.69,8.47,2.78,0.42,0.97,0.97,13.33,2.78,0.83,0.42,5.14,1.94,3.47,1.81,0.28,0.28,1.39,1.94,1.39,0.56,0.28,0.00,9.86,3.75,2.64,2.50,2.22,0.00,2.22,14.31,0.42,14.31,3.19,6.67,5.14,4.58,2.50,1.39,0.42,0.00,0.00,7.78,0.00,0.97,1.11,6.25,0.00,9.03,0.00,0.00,0.00,0.00,0.00,0.00,0.14,0.00,4.72,0.00,4.17
1303,15.01,21.23,77.23,92.78,1303.00,10.51,94.24,57.18,22.87,16.42,13.20,0.23,2.15,0.31,0.54,6.45,5.37,9.59,9.98,7.67,7.14,2.30,18.96,4.14,1.69,1.46,0.23,1.84,7.60,5.91,1.69,0.38,0.31,0.46,7.44,0.54,0.31,0.38,0.31,12.66,4.22,1.46,0.92,3.61,0.46,2.30,1.15,0.08,0.46,0.54,1.53,0.15,0.84,0.00,0.46,5.53,1.69,1.38,1.15,1.53,0.38,3.38,14.43,0.77,6.98,1.07,3.07,2.92,2.00,1.46,0.23,0.54,0.08,0.00,10.05,0.00,0.61,0.92,8.90,0.00,10.82,0.00,0.00,0.00,0.00,0.00,0.00,0.15,0.00,5.45,0.00,5.22
666,37.59,20.03,91.22,36.32,666.00,12.01,94.59,50.45,16.67,10.66,8.41,0.00,1.35,0.30,0.60,6.01,4.95,10.66,8.41,4.80,7.51,3.15,19.07,4.50,2.25,1.05,0.60,1.50,3.90,2.10,1.50,0.30,0.30,0.45,5.26,0.30,0.60,0.15,0.45,12.01,3.00,1.80,1.05,3.75,1.20,3.45,1.20,0.45,0.15,0.15,2.55,1.20,0.90,0.00,0.45,4.80,0.75,1.35,0.60,1.80,0.45,4.95,12.61,1.20,15.62,3.90,5.71,6.31,3.30,1.05,0.15,2.70,0.00,0.00,12.46,0.00,0.15,1.05,11.26,0.00,9.46,0.00,0.00,0.00,0.00,0.00,0.00,0.00,0.00,4.65,0.00,4.80
705,34.82,21.76,85.61,93.02,705.00,12.62,95.60,50.21,15.89,11.77,10.07,0.14,1.42,0.00,0.14,4.11,4.54,10.78,7.94,9.22,5.11,3.12,19.15,6.52,2.70,0.57,0.57,2.13,9.36,6.81,2.55,0.57,0.43,1.13,8.51,0.57,1.70,0.00,0.57,18.01,2.13,1.70,0.71,7.80,1.70,4.54,3.26,1.13,1.70,0.28,1.13,0.14,0.57,0.14,0.00,9.50,3.55,1.84,1.84,2.13,0.57,3.97,14.04,0.43,11.35,1.13,4.96,5.82,1.84,2.98,0.57,0.28,0.43,0.00,7.94,0.14,1.99,0.43,6.24,0.14,9.79,0.00,0.00,0.00,0.00,0.00,0.00,0.00,0.00,6.24,0.00,3.55
768,29.29,38.71,58.34,97.80,768.00,13.54,95.31,56.12,19.53,14.71,9.90,1.30,0.26,2.86,0.39,4.82,5.60,11.20,9.90,6.12,6.77,2.60,18.49,4.69,2.73,0.65,1.56,1.56,7.03,6.12,0.78,0.39,0.13,0.13,11.07,1.56,0.91,0.78,3.39,11.72,2.08,0.78,2.86,2.86,0.65,2.99,2.34,0.39,1.43,0.39,2.47,0.13,1.30,0.00,0.91,7.94,3.52,0.91,1.04,2.60,0.39,7.55,9.51,0.65,13.02,1.95,5.86,5.86,1.43,1.82,0.13,0.39,0.52,0.13,5.60,0.00,0.91,0.78,4.56,0.00,6.64,0.00,0.00,0.00,0.00,0.00,0.00,0.00,0.00,4.30,0.00,2.34
1814,18.98,50.88,79.85,63.40,1814.00,14.00,95.64,58.43,20.18,12.46,6.34,0.39,4.36,0.28,1.10,7.72,4.80,11.25,11.69,6.67,8.10,2.21,21.28,7.72,5.35,0.55,0.55,4.19,5.02,3.47,1.49,0.39,0.33,0.06,10.09,0.55,0.28,0.28,0.28,20.01,4.80,2.04,2.26,5.07,1.98,6.06,2.54,0.72,0.83,0.39,0.66,0.17,0.39,0.00,0.11,5.24,1.38,0.94,1.65,1.71,0.33,4.30,15.33,0.77,11.36,2.04,5.35,4.19,1.27,0.61,0.39,0.55,0.00,0.06,4.13,0.00,0.39,0.39,3.64,0.00,6.06,0.00,0.00,0.00,0.00,0.00,0.00,0.17,0.00,4.58,0.00,1.32
1418,13.79,9.38,96.84,54.99,1418.00,10.65,96.76,60.58,20.45,15.09,12.34,0.49,0.07,2.12,0.07,5.36,4.65,11.21,9.87,9.31,9.59,2.40,20.38,4.16,2.26,1.41,1.48,2.33,7.76,4.58,3.03,0.35,1.13,0.56,7.40,1.13,0.35,1.13,2.05,17.14,4.09,1.20,1.13,4.72,0.92,6.35,2.19,0.56,0.63,0.99,1.20,0.35,0.21,0.00,0.35,6.84,2.47,1.20,0.63,2.12,0.63,6.49,11.64,1.27,12.62,1.83,4.72,6.28,2.12,1.34,0.35,0.21,0.00,0.07,5.08,0.07,0.85,0.49,4.30,0.00,6.14,0.00,0.00,0.00,0.00,0.00,0.00,0.07,0.00,4.72,0.00,1.34
1244,19.63,40.47,64.52,52.94,1244.00,12.30,91.56,55.06,20.02,13.26,9.89,1.21,0.80,0.96,0.40,6.75,4.26,9.41,9.41,5.95,8.84,1.93,17.60,3.62,2.09,1.45,0.48,1.69,6.03,3.70,2.25,0.48,0.40,0.80,9.73,1.53,0.72,0.80,1.13,8.28,1.53,1.21,1.21,1.21,1.13,2.33,2.57,0.40,1.13,0.72,1.37,0.08,1.13,0.00,0.00,10.05,3.78,1.13,3.46,1.77,0.48,5.71,9.81,1.77,11.66,2.33,5.63,3.86,2.17,1.53,0.32,0.08,2.25,0.08,7.15,0.00,1.29,0.80,5.23,0.00,8.20,0.00,0.00,0.00,0.00,0.00,0.00,0.16,0.00,4.10,0.00,3.94
